{
    "last_observed_year": 2024,
    "last_observed_value": 1.1526289356194974,
    "sigmoid_x0": [
        0.09490182479041313,
        -160.47494571102223
    ],
    "sigmoid_k": -0.296,
    "assumed_women_ratio": 0.5
}