{
    "last_observed_year": 2024,
    "last_observed_value": 1.1526289356194974,
    "sigmoid_x0": [
        0.09458307745702403,
        -159.90026614075148
    ],
    "sigmoid_k": -0.296,
    "assumed_women_ratio": 0.5
}